{
  "library": "ort",
  "platform": "macos/aarch64",
  "execution_provider": "cpu",
  "model_dir": "models/bge-base-onnx",
  "cold_start_ms": 212.8235,
  "warmup_iters": 100,
  "bench": {
    "p50_ms": 9.061958,
    "p95_ms": 26.72825,
    "p99_ms": 28.202875,
    "min_ms": 5.57925,
    "max_ms": 29.020167,
    "mean_ms": 11.037127029999997,
    "batch_throughput_per_sec": 89.84908445070032,
    "n_iters": 200
  },
  "parity": {
    "min_cosine": 0.9222814,
    "max_cosine": 1.0000004,
    "mean_cosine": 0.9984457,
    "n_below_threshold": 1,
    "threshold": 0.999,
    "passed": false
  }
}